month,mother_race,child_gender,still_births_count
2016-01,CHINESE,F,1
2016-01,MALAYS,F,1
2016-01,OTHERS,F,2
2016-02,CHINESE,M,2
2016-02,CHINESE,F,2
2016-02,MALAYS,F,1
2016-02,OTHERS,F,1
2016-02,INDIANS,F,1
2016-03,CHINESE,M,3
2016-03,CHINESE,F,2
2016-03,MALAYS,F,2
2016-04,CHINESE,M,3
2016-04,CHINESE,F,2
2016-04,MALAYS,M,1
2016-04,OTHERS,M,1
2016-04,INDIANS,M,1
2016-05,CHINESE,F,3
2016-05,MALAYS,F,2
2016-05,MALAYS,M,3
2016-06,CHINESE,F,1
2016-06,CHINESE,M,1
2016-06,MALAYS,F,2
2016-06,MALAYS,M,1
2016-06,OTHERS,F,1
2016-06,INDIANS,F,2
2016-07,CHINESE,F,1
2016-07,MALAYS,M,1
2016-07,MALAYS,F,1
2016-07,OTHERS,M,1
2016-07,INDIANS,M,1
2016-08,CHINESE,M,2
2016-08,CHINESE,F,1
2016-08,MALAYS,M,1
2016-08,OTHERS,F,1
2016-08,OTHERS,M,1
2016-09,CHINESE,F,1
2016-09,CHINESE,M,2
2016-09,MALAYS,M,1
2016-09,OTHERS,F,2
2016-09,INDIANS,M,1
2016-10,CHINESE,F,5
2016-10,CHINESE,M,5
2016-10,INDIANS,F,1
2016-11,CHINESE,F,2
2016-11,MALAYS,F,1
2016-11,MALAYS,M,1
2016-11,OTHERS,F,1
2016-12,CHINESE,F,5
2016-12,CHINESE,M,4
2016-12,MALAYS,F,1
2016-12,MALAYS,M,1
2016-12,OTHERS,F,1
2016-12,INDIANS,F,1
2017-01,CHINESE,F,2
2017-01,CHINESE,M,1
2017-01,MALAYS,F,2
2017-01,MALAYS,M,1
2017-01,OTHERS,F,1
2017-01,OTHERS,M,1
2017-02,CHINESE,F,1
2017-02,INDIANS,M,1
2017-03,CHINESE,M,3
2017-03,CHINESE,F,4
2017-03,MALAYS,M,1
2017-03,OTHERS,F,1
2017-03,OTHERS,M,1
2017-04,CHINESE,F,1
2017-04,CHINESE,M,1
2017-04,MALAYS,F,2
2017-04,MALAYS,M,1
2017-04,INDIANS,M,1
2017-05,CHINESE,F,2
2017-05,CHINESE,M,1
2017-05,MALAYS,M,1
2017-05,OTHERS,F,2
2017-05,INDIANS,M,1
2017-06,CHINESE,F,5
2017-06,CHINESE,M,3
2017-06,MALAYS,F,2
2017-06,MALAYS,M,3
2017-06,OTHERS,M,1
2017-07,CHINESE,F,3
2017-07,CHINESE,M,4
2017-07,MALAYS,F,1
2017-07,MALAYS,M,2
2017-07,OTHERS,M,1
2017-07,INDIANS,F,1
2017-08,CHINESE,F,3
2017-08,MALAYS,M,1
2017-08,INDIANS,M,1
2017-09,CHINESE,F,1
2017-09,CHINESE,M,2
2017-09,MALAYS,F,2
2017-09,MALAYS,M,2
2017-09,OTHERS,M,1
2017-10,CHINESE,F,3
2017-10,MALAYS,F,1
2017-10,MALAYS,M,2
2017-11,CHINESE,F,2
2017-11,CHINESE,M,3
2017-11,MALAYS,M,4
2017-11,INDIANS,F,1
2017-12,CHINESE,F,4
2017-12,CHINESE,M,4
2017-12,OTHERS,F,2
2017-12,INDIANS,M,1
2018-01,CHINESE,M,2
2018-01,MALAYS,F,1
2018-01,OTHERS,M,1
2018-01,INDIANS,F,1
2018-01,INDIANS,M,1
2018-02,CHINESE,F,3
2018-02,CHINESE,M,2
2018-02,OTHERS,F,1
2018-02,INDIANS,F,1
2018-03,CHINESE,F,3
2018-03,CHINESE,M,1
2018-03,MALAYS,F,1
2018-03,MALAYS,M,2
2018-03,OTHERS,M,1
2018-03,INDIANS,F,1
2018-04,CHINESE,F,2
2018-04,CHINESE,M,2
2018-04,MALAYS,M,1
2018-04,INDIANS,M,1
2018-05,CHINESE,F,2
2018-05,MALAYS,M,1
2018-05,MALAYS,F,1
2018-05,INDIANS,M,1
2018-06,CHINESE,F,4
2018-06,CHINESE,M,1
2018-06,OTHERS,M,1
2018-07,CHINESE,F,2
2018-07,MALAYS,F,2
2018-07,OTHERS,F,1
2018-08,CHINESE,F,3
2018-08,CHINESE,M,2
2018-08,MALAYS,F,2
2018-08,INDIANS,F,1
2018-09,CHINESE,F,3
2018-09,CHINESE,M,1
2018-09,MALAYS,F,3
2018-09,OTHERS,F,2
2018-09,INDIANS,F,2
2018-09,INDIANS,M,1
2018-10,CHINESE,F,5
2018-10,MALAYS,F,3
2018-10,MALAYS,M,1
2018-10,OTHERS,F,1
2018-10,INDIANS,F,1
2018-11,MALAYS,F,2
2018-11,MALAYS,M,1
2018-11,INDIANS,M,1
2018-12,CHINESE,F,3
2018-12,CHINESE,M,3
2018-12,MALAYS,M,1
2018-12,OTHERS,F,1
2018-12,OTHERS,M,1
2018-12,INDIANS,M,1
